CAMIS,DBA,BORO,BUILDING,STREET,ZIPCODE,PHONE,CUISINE DESCRIPTION,INSPECTION DATE,ACTION,VIOLATION CODE,VIOLATION DESCRIPTION,CRITICAL FLAG,SCORE,GRADE,GRADE DATE,RECORD DATE,INSPECTION TYPE
40511702,NOTARO RESTAURANT,MANHATTAN,635,SECOND AVENUE,10016,2126863400,Italian,06/15/2015,Violations were cited in the following area(s).,02B,Hot food item not held at or above 140Âº F.,Critical,30,,,08/28/2017,Cycle Inspection / Initial Inspection
40511702,NOTARO RESTAURANT,MANHATTAN,635,SECOND AVENUE,10016,2126863400,Italian,11/25/2014,Violations were cited in the following area(s).,20F,Current letter grade card not posted.,Not Critical,,,,08/28/2017,Administrative Miscellaneous / Initial Inspection
50046354,VITE BAR,QUEENS,2507,BROADWAY,11106,3478134702,Italian,10/3/2016,Violations were cited in the following area(s).,10F,"Non-food contact surface improperly constructed. Unacceptable material used. Non-food contact surface or equipment improperly maintained and/or not properly sealed, raised, spaced or movable to allow accessibility for cleaning on all sides, above and underneath the unit.",Not Critical,2,,,08/28/2017,Pre-permit (Operational) / Initial Inspection
50061389,TACK'S CHINESE TAKE OUT,STATEN ISLAND,11C,HOLDEN BLVD,10314,7189839854,Chinese,05/17/2017,Violations were cited in the following area(s).,02G,Cold food item held above 41Âº F (smoked fish and reduced oxygen packaged foods above 38 ÂºF) except during necessary preparation.,Critical,46,,,08/28/2017,Pre-permit (Operational) / Initial Inspection
41516263,NO QUARTER,BROOKLYN,8015,5 AVENUE,11209,7187019180,American,03/30/2017,Violations were cited in the following area(s).,04M,Live roaches present in facility's food and/or non-food areas.,Critical,18,,,08/28/2017,Cycle Inspection / Initial Inspection
50015855,KABAB HOUSE NYC,QUEENS,4339,MAIN ST,11355,9172852796,Pakistani,3/3/2015,Violations were cited in the following area(s).,10F,"Non-food contact surface improperly constructed. Unacceptable material used. Non-food contact surface or equipment improperly maintained and/or not properly sealed, raised, spaced or movable to allow accessibility for cleaning on all sides, above and underneath the unit.",Not Critical,19,,,08/28/2017,Pre-permit (Operational) / Compliance Inspection
50058069,HENRI'S BACKYARD,BROOKLYN,256,4TH AVE,11215,9293378443,American,06/22/2017,Violations were cited in the following area(s).,04K,Evidence of rats or live rats present in facility's food and/or non-food areas.,Critical,39,C,06/22/2017,08/28/2017,Pre-permit (Operational) / Re-inspection
40807238,RICHMOND COUNTY COUNTRY CLUB,STATEN ISLAND,1122,TODT HILL ROAD,10304,7183510600,American,06/14/2017,Violations were cited in the following area(s).,02G,Cold food item held above 41Âº F (smoked fish and reduced oxygen packaged foods above 38 ÂºF) except during necessary preparation.,Critical,12,A,06/14/2017,08/28/2017,Cycle Inspection / Initial Inspection
41547684,PLANET WINGS,STATEN ISLAND,480,FOREST AVENUE,10310,7187209464,American,3/10/2015,Violations were cited in the following area(s).,02G,Cold food item held above 41Âº F (smoked fish and reduced oxygen packaged foods above 38 ÂºF) except during necessary preparation.,Critical,28,,,08/28/2017,Cycle Inspection / Initial Inspection
40376944,TOMOE SUSHI,MANHATTAN,172,THOMPSON STREET,10012,2127779346,Japanese,10/6/2015,Violations were cited in the following area(s).,02G,Cold food item held above 41Âº F (smoked fish and reduced oxygen packaged foods above 38 ÂºF) except during necessary preparation.,Critical,13,A,10/6/2015,08/28/2017,Cycle Inspection / Re-inspection
40560896,YAKITORI TAISHO,MANHATTAN,5,ST MARKS PLACE,10003,2122285086,Japanese,08/13/2015,Violations were cited in the following area(s).,10B,Plumbing not properly installed or maintained; anti-siphonage or backflow prevention device not provided where required; equipment or floor not properly drained; sewage disposal system in disrepair or not functioning properly.,Not Critical,9,,,08/28/2017,Cycle Inspection / Initial Inspection
41696945,GOLDEN KRUST CARIBBEAN BAKERY & GRILL,QUEENS,13858,FRANCIS LEWIS BOULEVARD,11422,7183412011,Caribbean,10/14/2015,Violations were cited in the following area(s).,04N,"Filth flies or food/refuse/sewage-associated (FRSA) flies present in facilitys food and/or non-food areas. Filth flies include house flies, little house flies, blow flies, bottle flies and flesh flies. Food/refuse/sewage-associated flies include fruit flies, drain flies and Phorid flies.",Critical,24,,,08/28/2017,Cycle Inspection / Initial Inspection
41701178,CRAB SPOT RESTAURANT,BROOKLYN,833,UNION STREET,11215,7186222722,Seafood,07/28/2016,Violations were cited in the following area(s).,09C,Food contact surface not properly maintained.,Not Critical,12,A,07/28/2016,08/28/2017,Cycle Inspection / Initial Inspection
41374557,M NOODLE SHOP,BROOKLYN,549,METROPOLITAN AVENUE,11211,7183848008,Chinese,01/19/2017,Violations were cited in the following area(s).,08A,Facility not vermin proof. Harborage or conditions conducive to attracting vermin to the premises and/or allowing vermin to exist.,Not Critical,10,A,01/19/2017,08/28/2017,Cycle Inspection / Re-inspection
41688137,LOWER SUITES STOLI BAR SOUTH CLUB LOUNGE,BROOKLYN,620,ATLANTIC AVENUE,11217,9176186310,American,01/25/2017,Violations were cited in the following area(s).,10F,"Non-food contact surface improperly constructed. Unacceptable material used. Non-food contact surface or equipment improperly maintained and/or not properly sealed, raised, spaced or movable to allow accessibility for cleaning on all sides, above and underneath the unit.",Not Critical,4,A,01/25/2017,08/28/2017,Cycle Inspection / Initial Inspection
40570634,AN BEAL BOCHT CAFE,BRONX,445,WEST  238 STREET,10463,7188847127,American,08/14/2017,Violations were cited in the following area(s).,10B,Plumbing not properly installed or maintained; anti-siphonage or backflow prevention device not provided where required; equipment or floor not properly drained; sewage disposal system in disrepair or not functioning properly.,Not Critical,9,A,08/14/2017,08/28/2017,Cycle Inspection / Re-inspection
41552184,NOM WAH TEA/DIM SUM PALOR,MANHATTAN,13,DOYERS STREET,10013,2129626047,Chinese,9/2/2014,Violations were cited in the following area(s).,02G,Cold food item held above 41Âº F (smoked fish and reduced oxygen packaged foods above 38 ÂºF) except during necessary preparation.,Critical,18,B,9/2/2014,08/28/2017,Cycle Inspection / Re-inspection
41696159,LUIGI'S PIZZA & PASTA,BRONX,119,EAST MOUNT EDEN AVENUE,10452,7182941800,Pizza,10/27/2014,Violations were cited in the following area(s).,10B,Plumbing not properly installed or maintained; anti-siphonage or backflow prevention device not provided where required; equipment or floor not properly drained; sewage disposal system in disrepair or not functioning properly.,Not Critical,13,A,10/27/2014,08/28/2017,Cycle Inspection / Re-inspection
50000705,ANARKALI INDIAN FOOD,BROOKLYN,1125,CHURCH AVE,11218,7182822200,Indian,06/25/2014,Violations were cited in the following area(s).,08A,Facility not vermin proof. Harborage or conditions conducive to attracting vermin to the premises and/or allowing vermin to exist.,Not Critical,31,,,08/28/2017,Cycle Inspection / Initial Inspection
41575449,MIDNIGHT EXPRESS,MANHATTAN,1715,2 AVENUE,10128,2128602320,American,12/19/2014,Violations were cited in the following area(s).,04M,Live roaches present in facility's food and/or non-food areas.,Critical,25,,,08/28/2017,Cycle Inspection / Initial Inspection
41690659,NEW PANDA GARDEN,QUEENS,5917,ROOSEVELT AVENUE,11377,7184241038,Chinese,08/28/2014,Violations were cited in the following area(s).,04N,"Filth flies or food/refuse/sewage-associated (FRSA) flies present in facilitys food and/or non-food areas. Filth flies include house flies, little house flies, blow flies, bottle flies and flesh flies. Food/refuse/sewage-associated flies include fruit flies, drain flies and Phorid flies.",Critical,28,,,08/28/2017,Cycle Inspection / Initial Inspection
50018449,SPRING FISH VILLAGE,QUEENS,13621,41ST AVE,11355,7189393633,Chinese,03/21/2016,Violations were cited in the following area(s).,10F,"Non-food contact surface improperly constructed. Unacceptable material used. Non-food contact surface or equipment improperly maintained and/or not properly sealed, raised, spaced or movable to allow accessibility for cleaning on all sides, above and underneath the unit.",Not Critical,19,,,08/28/2017,Cycle Inspection / Initial Inspection
41611667,SERVICE BAR 7,QUEENS,11000,ROCKAWAY BOULEVARD,11420,6465881074,American,4/7/2016,Violations were cited in the following area(s).,10B,Plumbing not properly installed or maintained; anti-siphonage or backflow prevention device not provided where required; equipment or floor not properly drained; sewage disposal system in disrepair or not functioning properly.,Not Critical,7,A,4/7/2016,08/28/2017,Cycle Inspection / Initial Inspection
41006018,THE FIVE SPOT,BROOKLYN,459,MYRTLE AVENUE,11205,7188520202,Soul Food,5/12/2016,Violations were cited in the following area(s).,04F,"Food, food preparation area, food storage area, area used by employees or patrons, contaminated by sewage or liquid waste.",Critical,16,,,08/28/2017,Cycle Inspection / Initial Inspection
50017063,MEZQUITE,QUEENS,4506,30TH AVE,11103,7182551722,Mexican,01/31/2017,Violations were cited in the following area(s).,06C,"Food not protected from potential source of contamination during storage, preparation, transportation, display or service.",Critical,17,,,08/28/2017,Cycle Inspection / Initial Inspection
40743578,EL RUMBERO BAR RESTAURANT,QUEENS,8205,NORTHERN BOULEVARD,11372,7188033125,"Latin (Cuban, Dominican, Puerto Rican, South & Central American)",06/16/2017,Violations were cited in the following area(s).,04A,Food Protection Certificate not held by supervisor of food operations.,Critical,10,,,08/28/2017,Cycle Inspection / Initial Inspection
50055935,TROPICAL REVIVAL RESTAURANT & CATERING,QUEENS,1240C,CLINTONVILLE ST,11357,9175637877,Caribbean,11/15/2016,Violations were cited in the following area(s).,10F,"Non-food contact surface improperly constructed. Unacceptable material used. Non-food contact surface or equipment improperly maintained and/or not properly sealed, raised, spaced or movable to allow accessibility for cleaning on all sides, above and underneath the unit.",Not Critical,2,A,11/15/2016,08/28/2017,Pre-permit (Operational) / Initial Inspection
41468267,ICHI UMI,MANHATTAN,6,EAST   32 STREET,10016,2127251333,Japanese,09/26/2016,Violations were cited in the following area(s).,10B,Plumbing not properly installed or maintained; anti-siphonage or backflow prevention device not provided where required; equipment or floor not properly drained; sewage disposal system in disrepair or not functioning properly.,Not Critical,12,A,09/26/2016,08/28/2017,Cycle Inspection / Re-inspection
50047546,BROOKLYN DINER,BROOKLYN,5922-24,AVENUE N,11234,7182092246,American,04/25/2017,Establishment Closed by DOHMH.  Violations were cited in the following area(s) and those requiring immediate action were addressed.,10B,Plumbing not properly installed or maintained; anti-siphonage or backflow prevention device not provided where required; equipment or floor not properly drained; sewage disposal system in disrepair or not functioning properly.,Not Critical,47,,,08/28/2017,Cycle Inspection / Initial Inspection
50000892,ANABLE BASIN SAILING,QUEENS,Apr-40,44 DRIVE,11101,6462071333,American,05/20/2015,Violations were cited in the following area(s).,06D,"Food contact surface not properly washed, rinsed and sanitized after each use and following any activity when contamination may have occurred.",Critical,5,A,05/20/2015,08/28/2017,Cycle Inspection / Initial Inspection
50012840,MR. WONTON,QUEENS,7805,JAMAICA AVE,11421,7182963800,Chinese,06/16/2015,Violations were cited in the following area(s).,10F,"Non-food contact surface improperly constructed. Unacceptable material used. Non-food contact surface or equipment improperly maintained and/or not properly sealed, raised, spaced or movable to allow accessibility for cleaning on all sides, above and underneath the unit.",Not Critical,7,A,06/16/2015,08/28/2017,Cycle Inspection / Re-inspection
41312436,BAGEL WORLD,BROOKLYN,223,DEKALB AVENUE,11205,7186432686,Bagels/Pretzels,07/24/2014,Violations were cited in the following area(s).,06D,"Food contact surface not properly washed, rinsed and sanitized after each use and following any activity when contamination may have occurred.",Critical,27,,,08/28/2017,Cycle Inspection / Initial Inspection
50042390,BEST EAST STAR RESTAURANT,QUEENS,8024,NORTHERN BLVD,11372,7184783088,Chinese,2/7/2017,Violations were cited in the following area(s).,10B,Plumbing not properly installed or maintained; anti-siphonage or backflow prevention device not provided where required; equipment or floor not properly drained; sewage disposal system in disrepair or not functioning properly.,Not Critical,9,A,2/7/2017,08/28/2017,Cycle Inspection / Initial Inspection
50032836,HAPPY RESTAURANT,QUEENS,4028,MAIN ST,11354,9175672882,Chinese,09/17/2015,Violations were cited in the following area(s).,02H,"Food not cooled by an approved method whereby the internal product temperature is reduced from 140Âº F to 70Âº F or less within 2 hours, and from 70Âº F to 41Âº F or less within 4 additional hours.",Critical,25,,,08/28/2017,Cycle Inspection / Compliance Inspection
40668380,WOLF AND LAMB,MANHATTAN,10,EAST   48 STREET,10017,2123171950,Steak,12/16/2014,Violations were cited in the following area(s).,04N,"Filth flies or food/refuse/sewage-associated (FRSA) flies present in facilitys food and/or non-food areas. Filth flies include house flies, little house flies, blow flies, bottle flies and flesh flies. Food/refuse/sewage-associated flies include fruit flies, drain flies and Phorid flies.",Critical,12,A,12/16/2014,08/28/2017,Cycle Inspection / Re-inspection
50060117,KBBQ,MANHATTAN,672,LEXINGTON AVE,10022,2123178822,Korean,06/26/2017,Violations were cited in the following area(s).,08A,Facility not vermin proof. Harborage or conditions conducive to attracting vermin to the premises and/or allowing vermin to exist.,Not Critical,9,A,06/26/2017,08/28/2017,Pre-permit (Operational) / Initial Inspection
41681367,JUMBO CHINESE KITCHEN,QUEENS,11304,JAMAICA AVENUE,11418,7184415946,Chinese,07/13/2015,Violations were cited in the following area(s).,08A,Facility not vermin proof. Harborage or conditions conducive to attracting vermin to the premises and/or allowing vermin to exist.,Not Critical,38,,,08/28/2017,Cycle Inspection / Initial Inspection
41184464,REGAL CINEMAS,QUEENS,8028,COOPER AVENUE,11385,7184161349,American,10/17/2016,Violations were cited in the following area(s).,08A,Facility not vermin proof. Harborage or conditions conducive to attracting vermin to the premises and/or allowing vermin to exist.,Not Critical,27,,,08/28/2017,Cycle Inspection / Initial Inspection
41473028,OLD SICHUAN CUISINE,MANHATTAN,65,BAYARD STREET,10013,2122279888,Chinese,12/1/2014,Violations were cited in the following area(s).,04N,"Filth flies or food/refuse/sewage-associated (FRSA) flies present in facilitys food and/or non-food areas. Filth flies include house flies, little house flies, blow flies, bottle flies and flesh flies. Food/refuse/sewage-associated flies include fruit flies, drain flies and Phorid flies.",Critical,19,,,08/28/2017,Cycle Inspection / Initial Inspection
41427683,HUDSON'S MARKET @ SHERATON NEW YORK,MANHATTAN,811,7 AVENUE,10019,2128416569,American,4/2/2015,Violations were cited in the following area(s).,06A,Personal cleanliness inadequate. Outer garment soiled with possible contaminant.  Effective hair restraint not worn in an area where food is prepared.,Critical,11,A,4/2/2015,08/28/2017,Cycle Inspection / Initial Inspection
41454995,MANOLO TAPAS RESTAURANT,MANHATTAN,4161,BROADWAY,10033,2129239100,Tapas,01/21/2016,Violations were cited in the following area(s).,02H,"Food not cooled by an approved method whereby the internal product temperature is reduced from 140Âº F to 70Âº F or less within 2 hours, and from 70Âº F to 41Âº F or less within 4 additional hours.",Critical,17,B,01/21/2016,08/28/2017,Cycle Inspection / Re-inspection
50003400,THE CHESTER,MANHATTAN,18,9TH AVE,10014,6462532284,American,11/27/2015,Violations were cited in the following area(s).,20F,Current letter grade card not posted.,Not Critical,,,,08/28/2017,Administrative Miscellaneous / Initial Inspection
41278299,LEMON LEAVES,MANHATTAN,55,LIBERTY STREET,10005,2124252890,Chinese/Japanese,08/24/2016,Violations were cited in the following area(s).,04H,"Raw, cooked or prepared food is adulterated, contaminated, cross-contaminated, or not discarded in accordance with HACCP plan.",Critical,11,A,08/24/2016,08/28/2017,Cycle Inspection / Re-inspection
41704194,THE BREAD FACTORY,MANHATTAN,935,8 AVENUE,10019,2125862221,American,03/17/2017,Violations were cited in the following area(s).,06F,Wiping cloths soiled or not stored in sanitizing solution.,Critical,18,,,08/28/2017,Cycle Inspection / Initial Inspection
40782999,WENDY'S,STATEN ISLAND,26,RICHMOND HILL ROAD,10314,7187613950,Hamburgers,02/23/2017,Violations were cited in the following area(s).,06D,"Food contact surface not properly washed, rinsed and sanitized after each use and following any activity when contamination may have occurred.",Critical,7,A,02/23/2017,08/28/2017,Cycle Inspection / Initial Inspection
41105300,"DUNKIN' DONUTS, BASKIN ROBBINS",BROOKLYN,1710,EASTERN PARKWAY,11233,6463548755,American,11/18/2014,Violations were cited in the following area(s).,10B,Plumbing not properly installed or maintained; anti-siphonage or backflow prevention device not provided where required; equipment or floor not properly drained; sewage disposal system in disrepair or not functioning properly.,Not Critical,16,,,08/28/2017,Cycle Inspection / Initial Inspection
50003346,BOMBAY SANDWICH CO,MANHATTAN,48,W. 27TH STREET,10001,6467819756,Vegetarian,6/3/2016,Violations were cited in the following area(s).,08A,Facility not vermin proof. Harborage or conditions conducive to attracting vermin to the premises and/or allowing vermin to exist.,Not Critical,10,,,08/28/2017,Cycle Inspection / Initial Inspection
50000345,BROTHERS BAGELS,BROOKLYN,285,COURT STREET,11231,7182224357,American,1/8/2016,Violations were cited in the following area(s).,10F,"Non-food contact surface improperly constructed. Unacceptable material used. Non-food contact surface or equipment improperly maintained and/or not properly sealed, raised, spaced or movable to allow accessibility for cleaning on all sides, above and underneath the unit.",Not Critical,17,,,08/28/2017,Cycle Inspection / Initial Inspection
41263738,MEXICAN FAST FOOD,BRONX,2620,JEROME AVENUE,10468,7184503698,Mexican,5/3/2016,Violations were cited in the following area(s).,06D,"Food contact surface not properly washed, rinsed and sanitized after each use and following any activity when contamination may have occurred.",Critical,18,,,08/28/2017,Cycle Inspection / Initial Inspection
50003451,CHINA AAA,QUEENS,8210,ROOSEVELT AVE,11372,7185058866,Chinese,12/5/2013,Violations were cited in the following area(s).,04L,Evidence of mice or live mice present in facility's food and/or non-food areas.,Critical,22,B,12/5/2013,08/28/2017,Pre-permit (Operational) / Re-inspection
41411901,GULLUOGLU BAKLAVA & CAFE,MANHATTAN,982,2 AVENUE,10022,2128130500,Turkish,05/27/2015,Violations were cited in the following area(s).,10F,"Non-food contact surface improperly constructed. Unacceptable material used. Non-food contact surface or equipment improperly maintained and/or not properly sealed, raised, spaced or movable to allow accessibility for cleaning on all sides, above and underneath the unit.",Not Critical,13,A,05/27/2015,08/28/2017,Cycle Inspection / Re-inspection
41223834,CHIPOTLE MEXICAN GRILL,MANHATTAN,350,5 AVENUE,10118,2126950412,Mexican,01/20/2015,Violations were cited in the following area(s).,06D,"Food contact surface not properly washed, rinsed and sanitized after each use and following any activity when contamination may have occurred.",Critical,52,,,08/28/2017,Cycle Inspection / Initial Inspection
41313211,AFRICAN AMERICAN BEST FOOD,MANHATTAN,410,LENOX AVENUE,10037,2126908052,African,01/18/2017,Violations were cited in the following area(s).,02B,Hot food item not held at or above 140Âº F.,Critical,29,,,08/28/2017,Cycle Inspection / Initial Inspection
41708433,CHINA WOK II,QUEENS,10315,101 AVENUE,11416,7188471898,Chinese,08/16/2017,Establishment re-opened by DOHMH,10F,"Non-food contact surface improperly constructed. Unacceptable material used. Non-food contact surface or equipment improperly maintained and/or not properly sealed, raised, spaced or movable to allow accessibility for cleaning on all sides, above and underneath the unit.",Not Critical,2,Z,08/16/2017,08/28/2017,Cycle Inspection / Reopening Inspection
41179165,BROOK AVENUE DELI & PIZZA,BRONX,348,BROOK AVENUE,10454,7186654068,Pizza,8/2/2017,Violations were cited in the following area(s).,08A,Facility not vermin proof. Harborage or conditions conducive to attracting vermin to the premises and/or allowing vermin to exist.,Not Critical,12,A,8/2/2017,08/28/2017,Cycle Inspection / Initial Inspection
41685305,BONAO CHIMI RESTAURANT,QUEENS,7614,JAMAICA AVENUE,11421,3478293089,Spanish,01/14/2015,Violations were cited in the following area(s).,04A,Food Protection Certificate not held by supervisor of food operations.,Critical,27,,,08/28/2017,Cycle Inspection / Initial Inspection
50015102,ENZO'S PIZZERIA,BROOKLYN,1623,ORIENTAL BLVD,11235,7187439056,Italian,05/16/2016,Violations were cited in the following area(s).,06D,"Food contact surface not properly washed, rinsed and sanitized after each use and following any activity when contamination may have occurred.",Critical,24,,,08/28/2017,Cycle Inspection / Initial Inspection
40602855,STARBUCKS,MANHATTAN,462,7 AVENUE,10018,2122796432,CafÃ©/Coffee/Tea,11/9/2015,Violations were cited in the following area(s).,10F,"Non-food contact surface improperly constructed. Unacceptable material used. Non-food contact surface or equipment improperly maintained and/or not properly sealed, raised, spaced or movable to allow accessibility for cleaning on all sides, above and underneath the unit.",Not Critical,3,A,11/9/2015,08/28/2017,Cycle Inspection / Initial Inspection
41363184,BEAN N BEAN,MANHATTAN,71,BROADWAY,10006,2124228083,American,4/1/2016,Violations were cited in the following area(s).,06D,"Food contact surface not properly washed, rinsed and sanitized after each use and following any activity when contamination may have occurred.",Critical,12,A,4/1/2016,08/28/2017,Cycle Inspection / Initial Inspection
41177037,QUEEN'S PIZZA,QUEENS,11614,QUEENS BOULEVARD,11375,7185445800,Pizza,11/7/2016,Violations were cited in the following area(s).,04N,"Filth flies or food/refuse/sewage-associated (FRSA) flies present in facilitys food and/or non-food areas. Filth flies include house flies, little house flies, blow flies, bottle flies and flesh flies. Food/refuse/sewage-associated flies include fruit flies, drain flies and Phorid flies.",Critical,18,,,08/28/2017,Cycle Inspection / Initial Inspection
41010981,THE BROOKLYN TABERNACLE,BROOKLYN,17,SMITH STREET,11201,7182902000,American,06/24/2014,Violations were cited in the following area(s).,02B,Hot food item not held at or above 140Âº F.,Critical,7,A,06/24/2014,08/28/2017,Cycle Inspection / Re-inspection
50046939,ARMANDO'S PIZZA,BROOKLYN,5119,AVENUE U,11234,3474624150,Pizza,6/3/2017,Violations were cited in the following area(s).,06F,Wiping cloths soiled or not stored in sanitizing solution.,Critical,12,A,6/3/2017,08/28/2017,Cycle Inspection / Initial Inspection
41100006,PLAKA RESTAURANT,BROOKLYN,406,86 STREET,11209,7186803056,Greek,6/9/2015,Violations were cited in the following area(s).,08A,Facility not vermin proof. Harborage or conditions conducive to attracting vermin to the premises and/or allowing vermin to exist.,Not Critical,18,,,08/28/2017,Cycle Inspection / Initial Inspection
50045888,WHITE HORSE TAVERN,MANHATTAN,25,BRIDGE ST,10004,2126689046,American,10/17/2016,Violations were cited in the following area(s).,09C,Food contact surface not properly maintained.,Not Critical,24,,,08/28/2017,Cycle Inspection / Initial Inspection
41600159,JUMBO'S HAMBURGERS,MANHATTAN,274,WEST  145 STREET,10039,2124915444,Hamburgers,03/22/2016,Violations were cited in the following area(s).,10B,Plumbing not properly installed or maintained; anti-siphonage or backflow prevention device not provided where required; equipment or floor not properly drained; sewage disposal system in disrepair or not functioning properly.,Not Critical,26,,,08/28/2017,Cycle Inspection / Initial Inspection
41284638,MCDONALD'S,MANHATTAN,145,EAST  125 STREET,10035,6466721381,Hamburgers,4/6/2017,Violations were cited in the following area(s).,06E,"Sanitized equipment or utensil, including in-use food dispensing utensil, improperly used or stored.",Critical,5,A,4/6/2017,08/28/2017,Cycle Inspection / Initial Inspection
50064086,Little Italy,MANHATTAN,180,VARICK ST,10014,2123664848,Italian,7/5/2017,Violations were cited in the following area(s).,10B,Plumbing not properly installed or maintained; anti-siphonage or backflow prevention device not provided where required; equipment or floor not properly drained; sewage disposal system in disrepair or not functioning properly.,Not Critical,17,B,7/5/2017,08/28/2017,Pre-permit (Operational) / Re-inspection
50019199,TOKYO BAY,BROOKLYN,611,86TH ST,11209,7188368688,Japanese,3/7/2016,Violations were cited in the following area(s).,02G,Cold food item held above 41Âº F (smoked fish and reduced oxygen packaged foods above 38 ÂºF) except during necessary preparation.,Critical,9,A,3/7/2016,08/28/2017,Cycle Inspection / Re-inspection
50000881,ROSARINA BAKERY,BRONX,5219,BROADWAY,10463,6464499278,Bakery,10/29/2015,Establishment Closed by DOHMH.  Violations were cited in the following area(s) and those requiring immediate action were addressed.,06C,"Food not protected from potential source of contamination during storage, preparation, transportation, display or service.",Critical,63,,,08/28/2017,Cycle Inspection / Initial Inspection
41083735,PLAZA TULCINGO RESTAURANT,BRONX,10,EAST CLARKE PLACE,10452,7186815020,Mexican,9/8/2016,Violations were cited in the following area(s).,06D,"Food contact surface not properly washed, rinsed and sanitized after each use and following any activity when contamination may have occurred.",Critical,33,C,9/8/2016,08/28/2017,Cycle Inspection / Re-inspection
50005163,FORTUNE BAKERY,BROOKLYN,5612,8TH AVE,11220,7185677880,Chinese,7/8/2014,Violations were cited in the following area(s).,02G,Cold food item held above 41Âº F (smoked fish and reduced oxygen packaged foods above 38 ÂºF) except during necessary preparation.,Critical,56,,,08/28/2017,Cycle Inspection / Initial Inspection
41180783,O'SAKE JAPANESE RESTAURANT,QUEENS,263,BEACH  116 STREET,11694,7189458888,Japanese,10/16/2014,Violations were cited in the following area(s).,10H,Proper sanitization not provided for utensil ware washing operation.,Not Critical,46,,,08/28/2017,Cycle Inspection / Initial Inspection
50014239,HUNGRY BIRD,BRONX,980,MORRIS AVE,10456,9178014900,Indian,11/4/2015,Violations were cited in the following area(s).,04M,Live roaches present in facility's food and/or non-food areas.,Critical,10,A,11/4/2015,08/28/2017,Cycle Inspection / Re-inspection
41590345,TWO DOOR TAVERN,BROOKLYN,116,NORTH    5 STREET,11249,7185890222,American,01/14/2016,Violations were cited in the following area(s).,10F,"Non-food contact surface improperly constructed. Unacceptable material used. Non-food contact surface or equipment improperly maintained and/or not properly sealed, raised, spaced or movable to allow accessibility for cleaning on all sides, above and underneath the unit.",Not Critical,6,A,01/14/2016,08/28/2017,Cycle Inspection / Re-inspection
50005674,Daisy's Diner,BROOKLYN,452,5TH AVE,11215,7187881438,American,2/3/2015,Violations were cited in the following area(s).,03C,"Eggs found dirty/cracked; liquid, frozen or powdered eggs not pasteurized.",Critical,20,B,2/3/2015,08/28/2017,Cycle Inspection / Re-inspection
40400129,LA CARIDAD RESTAURANT,MANHATTAN,2092,AMSTERDAM AVENUE,10032,2129237648,"Latin (Cuban, Dominican, Puerto Rican, South & Central American)",6/9/2014,Violations were cited in the following area(s).,03A,Food from unapproved or unknown source or home canned. Reduced oxygen packaged (ROP) fish not frozen before processing; or ROP foods prepared on premises transported to another site.,Critical,22,,,08/28/2017,Cycle Inspection / Initial Inspection
41117050,28 NOODLES,MANHATTAN,417,3 AVENUE,10016,2126792888,Chinese,6/12/2015,Violations were cited in the following area(s).,10F,"Non-food contact surface improperly constructed. Unacceptable material used. Non-food contact surface or equipment improperly maintained and/or not properly sealed, raised, spaced or movable to allow accessibility for cleaning on all sides, above and underneath the unit.",Not Critical,11,A,6/12/2015,08/28/2017,Cycle Inspection / Initial Inspection
50038353,TOWERS RESTAURANT AND CATERING,QUEENS,27248,GRAND CENTRAL PKWY,11005,7188198228,Continental,12/31/2015,Violations were cited in the following area(s).,16B,"The original nutritional fact labels and/or ingredient label for a cooking oil, shortening or margarine or food item sold in bulk, or acceptable manufacturers documentation not maintained on site.",Not Critical,,,,08/28/2017,Trans Fat / Initial Inspection
40581917,EMPORIUM BRASIL RESTAURANT,MANHATTAN,15,WEST   46 STREET,10036,2127644646,Brazilian,09/24/2015,Violations were cited in the following area(s).,09B,Thawing procedures improper.,Not Critical,9,A,09/24/2015,08/28/2017,Cycle Inspection / Initial Inspection
41547073,TACO KING CHINESE REST,BROOKLYN,61A,CHURCH AVENUE,11218,7184351899,Chinese,09/28/2015,Violations were cited in the following area(s).,04N,"Filth flies or food/refuse/sewage-associated (FRSA) flies present in facilitys food and/or non-food areas. Filth flies include house flies, little house flies, blow flies, bottle flies and flesh flies. Food/refuse/sewage-associated flies include fruit flies, drain flies and Phorid flies.",Critical,19,,,08/28/2017,Cycle Inspection / Initial Inspection
41412192,IMPERIAL TASTE,QUEENS,22142,HORACE HARDING EXPRESSWAY,11364,7182798174,Chinese,01/17/2017,Violations were cited in the following area(s).,22A,"Nuisance created or allowed to exist. Facility not free from unsafe, hazardous, offensive or annoying conditions.",Not Critical,,,,08/28/2017,Administrative Miscellaneous / Initial Inspection
50054588,THE JUILLIARD SCHOOL(ROSE CAFE),MANHATTAN,165,WEST 65 ST,10023,2126714313,American,10/21/2016,Violations were cited in the following area(s).,10F,"Non-food contact surface improperly constructed. Unacceptable material used. Non-food contact surface or equipment improperly maintained and/or not properly sealed, raised, spaced or movable to allow accessibility for cleaning on all sides, above and underneath the unit.",Not Critical,12,A,10/21/2016,08/28/2017,Pre-permit (Operational) / Initial Inspection
41670338,A ASO SUSHI,MANHATTAN,1103,1 AVENUE,10065,2128888276,Japanese,05/27/2015,Violations were cited in the following area(s).,08A,Facility not vermin proof. Harborage or conditions conducive to attracting vermin to the premises and/or allowing vermin to exist.,Not Critical,21,,,08/28/2017,Cycle Inspection / Initial Inspection
41717500,JOE'S PIZZA,MANHATTAN,150,EAST   14 STREET,10003,2123889474,Pizza,12/17/2015,Violations were cited in the following area(s).,04N,"Filth flies or food/refuse/sewage-associated (FRSA) flies present in facilitys food and/or non-food areas. Filth flies include house flies, little house flies, blow flies, bottle flies and flesh flies. Food/refuse/sewage-associated flies include fruit flies, drain flies and Phorid flies.",Critical,23,B,12/17/2015,08/28/2017,Cycle Inspection / Re-inspection
41567437,ANGELA'S BAKERY,BROOKLYN,717,KNICKERBOCKER AVENUE,11221,7184180095,Bakery,05/18/2017,Violations were cited in the following area(s).,10F,"Non-food contact surface improperly constructed. Unacceptable material used. Non-food contact surface or equipment improperly maintained and/or not properly sealed, raised, spaced or movable to allow accessibility for cleaning on all sides, above and underneath the unit.",Not Critical,2,A,05/18/2017,08/28/2017,Cycle Inspection / Re-inspection
41113515,FORTUNATA'S II,BROOKLYN,305,KNICKERBOCKER AVENUE,11237,7184978101,Pizza,11/16/2015,Violations were cited in the following area(s).,10F,"Non-food contact surface improperly constructed. Unacceptable material used. Non-food contact surface or equipment improperly maintained and/or not properly sealed, raised, spaced or movable to allow accessibility for cleaning on all sides, above and underneath the unit.",Not Critical,12,A,11/16/2015,08/28/2017,Cycle Inspection / Re-inspection
41481278,MEZZE BAR,MANHATTAN,691,9 AVENUE,10036,9176756266,Mediterranean,10/15/2014,Violations were cited in the following area(s).,06C,"Food not protected from potential source of contamination during storage, preparation, transportation, display or service.",Critical,32,,,08/28/2017,Cycle Inspection / Initial Inspection
41346473,GOOD TO GO,BRONX,1894,EASTCHESTER ROAD,10461,7188292222,Italian,12/17/2015,Violations were cited in the following area(s).,04L,Evidence of mice or live mice present in facility's food and/or non-food areas.,Critical,15,B,12/17/2015,08/28/2017,Cycle Inspection / Re-inspection
50036930,REINA DE LA NUBE RESTAURANT,BROOKLYN,922A,4TH AVE,11232,7188320200,Spanish,12/6/2016,Establishment re-opened by DOHMH,20D,"Choking first aid poster not posted. Alcohol and pregnancy warning sign not posted. Resuscitation equipment: exhaled air resuscitation masks (adult & pediatric), latex gloves, sign not posted. Inspection report sign not posted.",Not Critical,,,,08/28/2017,Administrative Miscellaneous / Reopening Inspection
41669919,SALAD SHACK,QUEENS,15405,UNION TURNPIKE,11367,7183802333,Salads,2/7/2017,Violations were cited in the following area(s).,10F,"Non-food contact surface improperly constructed. Unacceptable material used. Non-food contact surface or equipment improperly maintained and/or not properly sealed, raised, spaced or movable to allow accessibility for cleaning on all sides, above and underneath the unit.",Not Critical,7,A,2/7/2017,08/28/2017,Cycle Inspection / Initial Inspection
50061410,PIZZA SHACK,MANHATTAN,525,GRAND ST,10002,2124773367,Pizza,5/5/2017,Violations were cited in the following area(s).,10B,Plumbing not properly installed or maintained; anti-siphonage or backflow prevention device not provided where required; equipment or floor not properly drained; sewage disposal system in disrepair or not functioning properly.,Not Critical,13,A,5/5/2017,08/28/2017,Pre-permit (Operational) / Re-inspection
41661174,V {iv} Thai Restaurant & Bar,MANHATTAN,138,EAST   34 STREET,10016,2122133317,Thai,4/2/2015,Violations were cited in the following area(s).,06D,"Food contact surface not properly washed, rinsed and sanitized after each use and following any activity when contamination may have occurred.",Critical,18,B,4/2/2015,08/28/2017,Cycle Inspection / Re-inspection
50034670,JOHNNY'S GRILL,BROOKLYN,9406,3RD AVE,11209,7186305200,American,04/27/2015,Violations were cited in the following area(s).,09A,Canned food product observed dented and not segregated from other consumable food items.,Not Critical,8,A,04/27/2015,08/28/2017,Pre-permit (Operational) / Initial Inspection
50044908,CHIVE BLOSSOM,BROOKLYN,394,BEDFORD AVE,11249,7185763571,Asian,07/19/2017,Violations were cited in the following area(s).,10B,Plumbing not properly installed or maintained; anti-siphonage or backflow prevention device not provided where required; equipment or floor not properly drained; sewage disposal system in disrepair or not functioning properly.,Not Critical,21,Not Yet Graded,,08/28/2017,Pre-permit (Operational) / Initial Inspection
41081535,EDDIE JR'S SPORT LOUNGE,BROOKLYN,40,MARCY AVENUE,11211,7183848671,American,8/2/2017,Violations were cited in the following area(s).,06C,"Food not protected from potential source of contamination during storage, preparation, transportation, display or service.",Critical,22,,,08/28/2017,Cycle Inspection / Initial Inspection
40751933,SIDO FALAFEL & MORE,MANHATTAN,267,COLUMBUS AVE,10023,2124962803,Mediterranean,12/9/2013,Violations were cited in the following area(s).,09C,Food contact surface not properly maintained.,Not Critical,22,,,08/28/2017,Cycle Inspection / Initial Inspection
40746560,AMF BOWLING CENTER,QUEENS,6910,34 AVENUE,11377,7186510440,American,3/6/2015,Violations were cited in the following area(s).,15L,"Smoke free workplace smoking policy inadequate, not posted, not provided to employees.",Not Critical,,,,08/28/2017,Smoke-Free Air Act / Re-inspection
50001789,RESTAURANTE & PANADERIA GUATELINDA,QUEENS,170-18,JAMAICA AVE,11432,2124706169,Spanish,12/24/2014,Violations were cited in the following area(s).,10F,"Non-food contact surface improperly constructed. Unacceptable material used. Non-food contact surface or equipment improperly maintained and/or not properly sealed, raised, spaced or movable to allow accessibility for cleaning on all sides, above and underneath the unit.",Not Critical,21,,,08/28/2017,Cycle Inspection / Initial Inspection
40927789,THE BAYHOUSE,QUEENS,500,BAYSIDE DRIVE,11697,7183189660,American,07/22/2017,Violations were cited in the following area(s).,06C,"Food not protected from potential source of contamination during storage, preparation, transportation, display or service.",Critical,5,A,07/22/2017,08/28/2017,Cycle Inspection / Initial Inspection
40623604,GOOD ENOUGH TO EAT (A.G. BISTRO),MANHATTAN,520,COLUMBUS AVENUE,10024,2125793194,American,01/30/2015,Violations were cited in the following area(s).,06B,"Tobacco use, eating, or drinking from open container in food preparation, food storage or dishwashing area observed.",Critical,33,C,01/30/2015,08/28/2017,Cycle Inspection / Re-inspection
40424515,PASTICCERIA LA TORRE,QUEENS,15812,CROSSBAY BOULEVARD,11414,7188432306,Bakery,10/15/2015,Violations were cited in the following area(s).,22C,"Bulb not shielded or shatterproof, in areas where there is extreme heat, temperature changes, or where accidental contact may occur.",Not Critical,,,,08/28/2017,Administrative Miscellaneous / Re-inspection
41574708,PRONTO RESTAURANT,STATEN ISLAND,3297,RICHMOND AVENUE,10312,7183562442,Pizza/Italian,11/7/2013,Violations were cited in the following area(s).,06D,"Food contact surface not properly washed, rinsed and sanitized after each use and following any activity when contamination may have occurred.",Critical,7,A,11/7/2013,08/28/2017,Cycle Inspection / Initial Inspection
41253406,PUNJABI INDIAN & AMERICAN RESTAURANT,QUEENS,16020,46 AVENUE,11358,7183218429,Indian,03/15/2017,Violations were cited in the following area(s).,04M,Live roaches present in facility's food and/or non-food areas.,Critical,9,A,03/15/2017,08/28/2017,Cycle Inspection / Initial Inspection
40612120,STARBUCKS,QUEENS,21529,NORTHERN BOULEVARD,11361,7182814165,CafÃ©/Coffee/Tea,10/22/2014,Violations were cited in the following area(s).,10F,"Non-food contact surface improperly constructed. Unacceptable material used. Non-food contact surface or equipment improperly maintained and/or not properly sealed, raised, spaced or movable to allow accessibility for cleaning on all sides, above and underneath the unit.",Not Critical,3,A,10/22/2014,08/28/2017,Cycle Inspection / Initial Inspection
50003915,BOCAITO CAFE & WINE BAR,QUEENS,8115,NORTHERN BLVD,11372,3476171606,Spanish,02/28/2017,Violations were cited in the following area(s).,10F,"Non-food contact surface improperly constructed. Unacceptable material used. Non-food contact surface or equipment improperly maintained and/or not properly sealed, raised, spaced or movable to allow accessibility for cleaning on all sides, above and underneath the unit.",Not Critical,9,A,02/28/2017,08/28/2017,Cycle Inspection / Initial Inspection
41383631,DUNKIN' DONUTS,MANHATTAN,130,CHURCH STREET,10007,2126083512,Donuts,3/6/2017,Violations were cited in the following area(s).,10F,"Non-food contact surface improperly constructed. Unacceptable material used. Non-food contact surface or equipment improperly maintained and/or not properly sealed, raised, spaced or movable to allow accessibility for cleaning on all sides, above and underneath the unit.",Not Critical,9,A,3/6/2017,08/28/2017,Cycle Inspection / Initial Inspection
40972759,GATE WAY BEER GARDEN,BROOKLYN,3162,FULTON STREET,11208,7182353251,Caribbean,6/1/2016,Violations were cited in the following area(s).,10F,"Non-food contact surface improperly constructed. Unacceptable material used. Non-food contact surface or equipment improperly maintained and/or not properly sealed, raised, spaced or movable to allow accessibility for cleaning on all sides, above and underneath the unit.",Not Critical,11,,,08/28/2017,Cycle Inspection / Initial Inspection
41259230,INDO-PAK HALAL RESTAURANT,MANHATTAN,2173,2 AVENUE,10029,2129878150,Pakistani,05/22/2015,Violations were cited in the following area(s).,06C,"Food not protected from potential source of contamination during storage, preparation, transportation, display or service.",Critical,9,A,05/22/2015,08/28/2017,Cycle Inspection / Initial Inspection
50001889,UMAMI BURGER,MANHATTAN,432,AVENUE OF THE AMERICAS,10011,2126778626,Hamburgers,6/1/2017,Violations were cited in the following area(s).,02H,"Food not cooled by an approved method whereby the internal product temperature is reduced from 140Âº F to 70Âº F or less within 2 hours, and from 70Âº F to 41Âº F or less within 4 additional hours.",Critical,9,A,6/1/2017,08/28/2017,Cycle Inspection / Initial Inspection
41644326,2 WEST RESTAURANT,MANHATTAN,2,WEST STREET,10004,2123440800,American,9/12/2014,Violations were cited in the following area(s).,02G,Cold food item held above 41Âº F (smoked fish and reduced oxygen packaged foods above 38 ÂºF) except during necessary preparation.,Critical,9,A,9/12/2014,08/28/2017,Cycle Inspection / Initial Inspection
41438394,YOSMIRA RESTAURANT,QUEENS,13109,JAMAICA AVENUE,11418,3474656183,"Latin (Cuban, Dominican, Puerto Rican, South & Central American)",01/14/2016,Violations were cited in the following area(s).,08A,Facility not vermin proof. Harborage or conditions conducive to attracting vermin to the premises and/or allowing vermin to exist.,Not Critical,11,,,08/28/2017,Cycle Inspection / Initial Inspection
41059709,"DUNKIN' DONUTS, BASKIN ROBBINS",BRONX,46,EAST  167 STREET,10452,7189929677,Donuts,10/27/2016,Violations were cited in the following area(s).,04N,"Filth flies or food/refuse/sewage-associated (FRSA) flies present in facilitys food and/or non-food areas. Filth flies include house flies, little house flies, blow flies, bottle flies and flesh flies. Food/refuse/sewage-associated flies include fruit flies, drain flies and Phorid flies.",Critical,12,A,10/27/2016,08/28/2017,Cycle Inspection / Initial Inspection
41461099,SRIPRAPHAI THAI RESTAURANT,QUEENS,6415,39 AVENUE,11377,7188999599,Thai,2/6/2016,Violations were cited in the following area(s).,15L,"Smoke free workplace smoking policy inadequate, not posted, not provided to employees.",Not Critical,,,,08/28/2017,Smoke-Free Air Act / Initial Inspection
41485255,TOASTIES CAFE,MANHATTAN,599,LEXINGTON AVENUE,10022,2126448780,Delicatessen,07/13/2016,Establishment Closed by DOHMH.  Violations were cited in the following area(s) and those requiring immediate action were addressed.,05F,Insufficient or no refrigerated or hot holding equipment to keep potentially hazardous foods at required temperatures.,Critical,43,,,08/28/2017,Cycle Inspection / Initial Inspection
41609414,PRIME SANDWICH,BROOKLYN,377,KINGSTON AVENUE,11213,3475649041,Jewish/Kosher,12/29/2014,Violations were cited in the following area(s).,06D,"Food contact surface not properly washed, rinsed and sanitized after each use and following any activity when contamination may have occurred.",Critical,10,A,12/29/2014,08/28/2017,Cycle Inspection / Initial Inspection
50045953,EAST VILLAGE THIA RESTAURANT,MANHATTAN,32,E 7TH ST,10003,2126734610,Thai,5/11/2016,Violations were cited in the following area(s).,20D,"Choking first aid poster not posted. Alcohol and pregnancy warning sign not posted. Resuscitation equipment: exhaled air resuscitation masks (adult & pediatric), latex gloves, sign not posted. Inspection report sign not posted.",Not Critical,,,,08/28/2017,Administrative Miscellaneous / Re-inspection
50001074,SUBWAY,QUEENS,56-53,MYRTLE AVE,11385,7184175495,Sandwiches,12/18/2014,Violations were cited in the following area(s).,08A,Facility not vermin proof. Harborage or conditions conducive to attracting vermin to the premises and/or allowing vermin to exist.,Not Critical,14,,,08/28/2017,Cycle Inspection / Initial Inspection
40380517,BARNEY GREENGRASS,MANHATTAN,541,AMSTERDAM AVENUE,10024,2127244707,Jewish/Kosher,08/16/2017,Violations were cited in the following area(s).,08B,"Covered garbage receptacle not provided or inadequate, except that garbage receptacle may be uncovered during active use. Garbage storage area not properly constructed or maintained; grinder or compactor dirty.",Not Critical,44,,,08/28/2017,Cycle Inspection / Initial Inspection
41417952,COFFEE SPOT CAFE,BROOKLYN,1617,JEROME AVENUE,11235,7187696666,Russian,12/30/2015,Violations were cited in the following area(s).,10F,"Non-food contact surface improperly constructed. Unacceptable material used. Non-food contact surface or equipment improperly maintained and/or not properly sealed, raised, spaced or movable to allow accessibility for cleaning on all sides, above and underneath the unit.",Not Critical,8,A,12/30/2015,08/28/2017,Cycle Inspection / Initial Inspection
40736383,MCDONALD'S,QUEENS,2141,MOTT AVENUE,11691,7188682289,Hamburgers,07/26/2014,Violations were cited in the following area(s).,10F,"Non-food contact surface improperly constructed. Unacceptable material used. Non-food contact surface or equipment improperly maintained and/or not properly sealed, raised, spaced or movable to allow accessibility for cleaning on all sides, above and underneath the unit.",Not Critical,19,B,07/26/2014,08/28/2017,Cycle Inspection / Re-inspection
50059979,SHANGHAI FAMILY DUMPLING,BROOKLYN,6301,8TH AVE,11220,7187452620,Chinese,7/6/2017,Violations were cited in the following area(s).,04L,Evidence of mice or live mice present in facility's food and/or non-food areas.,Critical,12,A,7/6/2017,08/28/2017,Cycle Inspection / Initial Inspection
50010344,ESTRELLA MEXICANA RESTAURANT,BRONX,106,E 183RD ST,10453,7185844222,Mexican,10/16/2015,Violations were cited in the following area(s).,04D,"Food worker does not wash hands thoroughly after using the toilet, coughing, sneezing, smoking, eating, preparing raw foods or otherwise contaminating hands.",Critical,10,A,10/16/2015,08/28/2017,Cycle Inspection / Re-inspection
41711390,NEW BAY PKWY CAFE,BROOKLYN,6812,BAY PKWY AVE,11204,7182328008,Chinese,6/12/2014,Violations were cited in the following area(s).,08A,Facility not vermin proof. Harborage or conditions conducive to attracting vermin to the premises and/or allowing vermin to exist.,Not Critical,33,,,08/28/2017,Cycle Inspection / Initial Inspection
50017981,PHO THANH HOAI 1,MANHATTAN,73,MULBERRY ST,10013,2122338988,Vietnamese/Cambodian/Malaysia,04/16/2015,Violations were cited in the following area(s).,06A,Personal cleanliness inadequate. Outer garment soiled with possible contaminant.  Effective hair restraint not worn in an area where food is prepared.,Critical,7,A,04/16/2015,08/28/2017,Cycle Inspection / Re-inspection
50013202,COSINITA,BRONX,730,ASTOR AVE,10467,3478438050,Mexican,11/19/2014,Violations were cited in the following area(s).,04N,"Filth flies or food/refuse/sewage-associated (FRSA) flies present in facilitys food and/or non-food areas. Filth flies include house flies, little house flies, blow flies, bottle flies and flesh flies. Food/refuse/sewage-associated flies include fruit flies, drain flies and Phorid flies.",Critical,16,,,08/28/2017,Pre-permit (Operational) / Initial Inspection
41092640,CMOLOVAR,BROOKLYN,813,AVENUE U,11223,7187870120,Russian,05/23/2015,Violations were cited in the following area(s).,04N,"Filth flies or food/refuse/sewage-associated (FRSA) flies present in facilitys food and/or non-food areas. Filth flies include house flies, little house flies, blow flies, bottle flies and flesh flies. Food/refuse/sewage-associated flies include fruit flies, drain flies and Phorid flies.",Critical,10,A,05/23/2015,08/28/2017,Cycle Inspection / Re-inspection
40971873,BREAK BAR & BILLARDS,QUEENS,3208,BROADWAY,11106,7187775400,American,11/10/2015,Violations were cited in the following area(s).,06A,Personal cleanliness inadequate. Outer garment soiled with possible contaminant.  Effective hair restraint not worn in an area where food is prepared.,Critical,9,A,11/10/2015,08/28/2017,Cycle Inspection / Initial Inspection
40571081,ARCHER SPORTS BAR,BRONX,1511,WHITE PLAINS ROAD,10462,7187923870,American,04/25/2016,Violations were cited in the following area(s).,08A,Facility not vermin proof. Harborage or conditions conducive to attracting vermin to the premises and/or allowing vermin to exist.,Not Critical,16,,,08/28/2017,Cycle Inspection / Initial Inspection
50042947,MENDEL'S PIZZA,BROOKLYN,4923,18TH AVE,11204,7189305906,Jewish/Kosher,11/9/2015,Violations were cited in the following area(s).,08A,Facility not vermin proof. Harborage or conditions conducive to attracting vermin to the premises and/or allowing vermin to exist.,Not Critical,10,,,08/28/2017,Pre-permit (Operational) / Initial Inspection
41631052,ONE STOP BEER SHOP,BROOKLYN,134,KINGSLAND AVENUE,11222,7185990128,American,10/30/2015,Violations were cited in the following area(s).,06C,"Food not protected from potential source of contamination during storage, preparation, transportation, display or service.",Critical,13,,,08/28/2017,Cycle Inspection / Initial Inspection
50017985,BREAD AND SPREAD,BROOKLYN,147,FRONT ST,11201,7186252220,American,03/31/2015,Violations were cited in the following area(s).,02G,Cold food item held above 41Âº F (smoked fish and reduced oxygen packaged foods above 38 ÂºF) except during necessary preparation.,Critical,7,A,03/31/2015,08/28/2017,Cycle Inspection / Initial Inspection
40385852,SAM'S PLACE,MANHATTAN,132,EAST   39 STREET,10016,2125996360,Italian,02/21/2017,Violations were cited in the following area(s).,08A,Facility not vermin proof. Harborage or conditions conducive to attracting vermin to the premises and/or allowing vermin to exist.,Not Critical,10,A,02/21/2017,08/28/2017,Cycle Inspection / Re-inspection
40574423,TOPAZE RESTAURANT,BROOKLYN,428,EAST   48 STREET,11203,7186936328,Caribbean,08/27/2013,Violations were cited in the following area(s).,02B,Hot food item not held at or above 140Âº F.,Critical,20,B,08/27/2013,08/28/2017,Cycle Inspection / Re-inspection
41634367,PORTALIA RISTORANTE BAR AND LOUNGE,QUEENS,3503,BROADWAY,11106,7185453500,Italian,2/5/2016,Violations were cited in the following area(s).,10F,"Non-food contact surface improperly constructed. Unacceptable material used. Non-food contact surface or equipment improperly maintained and/or not properly sealed, raised, spaced or movable to allow accessibility for cleaning on all sides, above and underneath the unit.",Not Critical,7,A,2/5/2016,08/28/2017,Cycle Inspection / Initial Inspection
50017111,J J SPORT RESTAURANT,BRONX,545,E 183RD ST,10458,7182951200,"Latin (Cuban, Dominican, Puerto Rican, South & Central American)",7/12/2017,Violations were cited in the following area(s).,10E,Accurate thermometer not provided in refrigerated or hot holding equipment.,Not Critical,72,,,08/28/2017,Cycle Inspection / Initial Inspection
40715826,PIZZA HUT,QUEENS,6051,MYRTLE AVE,11385,7184565300,Pizza,3/8/2016,Violations were cited in the following area(s).,10F,"Non-food contact surface improperly constructed. Unacceptable material used. Non-food contact surface or equipment improperly maintained and/or not properly sealed, raised, spaced or movable to allow accessibility for cleaning on all sides, above and underneath the unit.",Not Critical,10,A,3/8/2016,08/28/2017,Cycle Inspection / Initial Inspection
41515868,BAR BRACE,QUEENS,0,LAGUARDIA AIRPORT,11369,6464775291,Italian,07/31/2014,Violations were cited in the following area(s).,06D,"Food contact surface not properly washed, rinsed and sanitized after each use and following any activity when contamination may have occurred.",Critical,22,,,08/28/2017,Cycle Inspection / Initial Inspection
41687795,BROADWAY CHINESE SEAFOOD,QUEENS,8317,BROADWAY,11373,7186990688,Chinese,03/23/2016,Establishment Closed by DOHMH.  Violations were cited in the following area(s) and those requiring immediate action were addressed.,10I,"Single service item reused, improperly stored, dispensed; not used when required.",Not Critical,68,,,08/28/2017,Cycle Inspection / Initial Inspection
50000223,EL MANABA RESTAURANT,QUEENS,341,SAINT NICHOLAS AVE,11385,3472277506,Spanish,04/18/2017,Violations were cited in the following area(s).,06C,"Food not protected from potential source of contamination during storage, preparation, transportation, display or service.",Critical,13,A,04/18/2017,08/28/2017,Cycle Inspection / Initial Inspection
41664787,THE COBRA CLUB,BROOKLYN,6,WYCKOFF AVENUE,11237,9177191138,American,03/20/2017,Violations were cited in the following area(s).,04L,Evidence of mice or live mice present in facility's food and/or non-food areas.,Critical,9,,,08/28/2017,Cycle Inspection / Initial Inspection
50043970,LA ISLA CUCHIFRITOS,BRONX,510,WILLIS AVE,10455,7184147213,"Latin (Cuban, Dominican, Puerto Rican, South & Central American)",07/28/2016,Violations were cited in the following area(s).,08C,Pesticide use not in accordance with label or applicable laws. Prohibited chemical used/stored. Open bait station used.,Not Critical,8,,,08/28/2017,Cycle Inspection / Initial Inspection
50005885,APNA MASALA INDIAN CUISINE,MANHATTAN,344,E 6TH ST,10003,9172999478,Mexican,5/3/2017,Violations were cited in the following area(s).,09A,Canned food product observed dented and not segregated from other consumable food items.,Not Critical,7,A,5/3/2017,08/28/2017,Cycle Inspection / Re-inspection
50032620,BAREBURGER,QUEENS,4819,VERNON BLVD,11101,7189372273,Hamburgers,03/25/2015,Violations were cited in the following area(s).,10D,"Mechanical or natural ventilation system not provided, improperly installed, in disrepair and/or fails to prevent excessive build-up of grease, heat, steam condensation vapors, odors, smoke, and fumes.",Not Critical,10,A,03/25/2015,08/28/2017,Pre-permit (Operational) / Initial Inspection
41464967,OAXACA MEXICAN GRILL,MANHATTAN,245,PARK AVENUE,10003,2128189500,Mexican,7/5/2017,Violations were cited in the following area(s).,02G,Cold food item held above 41Âº F (smoked fish and reduced oxygen packaged foods above 38 ÂºF) except during necessary preparation.,Critical,22,,,08/28/2017,Cycle Inspection / Initial Inspection
41076471,CHINAR ON THE ISLAND,STATEN ISLAND,283,SAND LANE,10305,7183905305,Russian,12/1/2015,Violations were cited in the following area(s).,06C,"Food not protected from potential source of contamination during storage, preparation, transportation, display or service.",Critical,12,A,12/1/2015,08/28/2017,Cycle Inspection / Re-inspection
50017092,HE LIN RESTAURANT,QUEENS,8311,BROADWAY,11373,7186996688,Chinese,04/30/2015,Violations were cited in the following area(s).,10F,"Non-food contact surface improperly constructed. Unacceptable material used. Non-food contact surface or equipment improperly maintained and/or not properly sealed, raised, spaced or movable to allow accessibility for cleaning on all sides, above and underneath the unit.",Not Critical,19,,,08/28/2017,Cycle Inspection / Initial Inspection
41334692,PANCHO VILLA RESTAURANT,BRONX,2274,JEROME AVENUE,10453,7185633251,Mexican,12/1/2016,Violations were cited in the following area(s).,10A,"Toilet facility not maintained and provided with toilet paper, waste receptacle and self-closing door.",Not Critical,42,C,12/1/2016,08/28/2017,Cycle Inspection / Re-inspection
50066251,KINI,QUEENS,4227,35TH AVE,11101,2019687446,Other,1/1/1900,,,,Not Applicable,,,,08/28/2017,
41709426,WORLD AMERICA KITCHEN,QUEENS,12703,111 AVENUE,11420,7188485951,Chinese,05/24/2014,Violations were cited in the following area(s).,02B,Hot food item not held at or above 140Âº F.,Critical,15,,,08/28/2017,Cycle Inspection / Initial Inspection
50016010,M & J ASIAN RESTAURANT,MANHATTAN,600,E 14TH ST,10009,2125336888,Chinese,9/10/2015,Establishment Closed by DOHMH.  Violations were cited in the following area(s) and those requiring immediate action were addressed.,08A,Facility not vermin proof. Harborage or conditions conducive to attracting vermin to the premises and/or allowing vermin to exist.,Not Critical,40,,,08/28/2017,Cycle Inspection / Initial Inspection
50017821,KING DRAGON CITY,BRONX,944A,E 174TH ST,10460,7185423866,Chinese,7/1/2015,Violations were cited in the following area(s).,04L,Evidence of mice or live mice present in facility's food and/or non-food areas.,Critical,12,A,7/1/2015,08/28/2017,Cycle Inspection / Initial Inspection
41271436,MATSUNOYA,MANHATTAN,131,EAST 45 STREET,10017,6466928143,Japanese,08/25/2014,Violations were cited in the following area(s).,04L,Evidence of mice or live mice present in facility's food and/or non-food areas.,Critical,25,,,08/28/2017,Cycle Inspection / Initial Inspection
50004782,Polpette,MANHATTAN,483,AMSTERDAM AVE,10024,2128580511,Italian,9/12/2014,Violations were cited in the following area(s).,04N,"Filth flies or food/refuse/sewage-associated (FRSA) flies present in facilitys food and/or non-food areas. Filth flies include house flies, little house flies, blow flies, bottle flies and flesh flies. Food/refuse/sewage-associated flies include fruit flies, drain flies and Phorid flies.",Critical,23,B,9/12/2014,08/28/2017,Pre-permit (Operational) / Re-inspection
50050729,EL MEKKAH BAR & GRILL,BROOKLYN,277,WYCKOFF AVE,11237,9175183475,American,10/13/2016,Violations were cited in the following area(s).,04A,Food Protection Certificate not held by supervisor of food operations.,Critical,28,,,08/28/2017,Pre-permit (Operational) / Initial Inspection
40918262,FRIEND'S PIZZA CAFE,BROOKLYN,487,7 AVENUE,11215,7188400672,Pizza,01/26/2017,Violations were cited in the following area(s).,04L,Evidence of mice or live mice present in facility's food and/or non-food areas.,Critical,18,B,01/26/2017,08/28/2017,Cycle Inspection / Re-inspection
50062525,SHEILA'S,BROOKLYN,412,COURT ST,11231,7188349000,American,08/23/2017,Violations were cited in the following area(s).,06C,"Food not protected from potential source of contamination during storage, preparation, transportation, display or service.",Critical,42,Not Yet Graded,,08/28/2017,Pre-permit (Operational) / Initial Inspection
40624802,CAFFE BUON GUSTO,BROOKLYN,151,MONTAGUE STREET,11201,7186243838,Italian,11/18/2013,Violations were cited in the following area(s).,10F,"Non-food contact surface improperly constructed. Unacceptable material used. Non-food contact surface or equipment improperly maintained and/or not properly sealed, raised, spaced or movable to allow accessibility for cleaning on all sides, above and underneath the unit.",Not Critical,11,A,11/18/2013,08/28/2017,Cycle Inspection / Re-inspection
50001621,MR. CHAN'S CHINESE CUISINE,QUEENS,30-21,STRATTON STREET,11354,7188865666,Chinese,9/10/2015,Violations were cited in the following area(s).,10F,"Non-food contact surface improperly constructed. Unacceptable material used. Non-food contact surface or equipment improperly maintained and/or not properly sealed, raised, spaced or movable to allow accessibility for cleaning on all sides, above and underneath the unit.",Not Critical,5,A,9/10/2015,08/28/2017,Cycle Inspection / Re-inspection
40993590,CARIDAD,MANHATTAN,588,AMSTERDAM AVENUE,10024,2125958121,"Latin (Cuban, Dominican, Puerto Rican, South & Central American)",7/10/2017,Violations were cited in the following area(s).,06D,"Food contact surface not properly washed, rinsed and sanitized after each use and following any activity when contamination may have occurred.",Critical,48,,,08/28/2017,Cycle Inspection / Initial Inspection
50015344,ROOM SERVICE,MANHATTAN,690,9TH AVE,10036,2125820999,Thai,09/23/2015,Violations were cited in the following area(s).,06D,"Food contact surface not properly washed, rinsed and sanitized after each use and following any activity when contamination may have occurred.",Critical,5,A,09/23/2015,08/28/2017,Cycle Inspection / Re-inspection
50033747,DIG INN,MANHATTAN,16,E 23RD ST,10010,2122536174,American,2/4/2016,Violations were cited in the following area(s).,10F,"Non-food contact surface improperly constructed. Unacceptable material used. Non-food contact surface or equipment improperly maintained and/or not properly sealed, raised, spaced or movable to allow accessibility for cleaning on all sides, above and underneath the unit.",Not Critical,8,A,2/4/2016,08/28/2017,Cycle Inspection / Initial Inspection
50015448,BUDDY BUDDY INC,QUEENS,13529,40TH RD,11354,7183581818,Chinese,08/17/2016,Violations were cited in the following area(s).,04M,Live roaches present in facility's food and/or non-food areas.,Critical,22,,,08/28/2017,Cycle Inspection / Initial Inspection
40978159,CANDLE 79 RESTAURANT,MANHATTAN,154,EAST   79 STREET,10075,2125377179,Vegetarian,05/28/2014,Violations were cited in the following area(s).,06F,Wiping cloths soiled or not stored in sanitizing solution.,Critical,19,,,08/28/2017,Cycle Inspection / Initial Inspection
50034176,PRET A MANGER,MANHATTAN,1,PENN PLZ,10119,6467280505,Sandwiches/Salads/Mixed Buffet,6/10/2016,Violations were cited in the following area(s).,10E,Accurate thermometer not provided in refrigerated or hot holding equipment.,Not Critical,7,A,6/10/2016,08/28/2017,Cycle Inspection / Initial Inspection
50067644,NIEVES TIA MIMI ICEES,QUEENS,8914,ROOSEVELT AVE,11372,9172579930,Other,1/1/1900,,,,Not Applicable,,,,08/28/2017,
41279817,MOTHER'S,BROOKLYN,347,GRAHAM AVENUE,11211,7183847778,American,7/10/2017,Establishment Closed by DOHMH.  Violations were cited in the following area(s) and those requiring immediate action were addressed.,06C,"Food not protected from potential source of contamination during storage, preparation, transportation, display or service.",Critical,64,,,08/28/2017,Cycle Inspection / Initial Inspection
41057755,BAROSA BRICK OVEN,QUEENS,6229,WOODHAVEN BOULEVARD,11374,7184241455,Italian,04/30/2014,Violations were cited in the following area(s).,10F,"Non-food contact surface improperly constructed. Unacceptable material used. Non-food contact surface or equipment improperly maintained and/or not properly sealed, raised, spaced or movable to allow accessibility for cleaning on all sides, above and underneath the unit.",Not Critical,5,A,04/30/2014,08/28/2017,Cycle Inspection / Initial Inspection
50002676,JAMBA JUICE,QUEENS,NKA,JFK INTERNATIONAL AIRPORT,11430,7187514800,Sandwiches/Salads/Mixed Buffet,09/29/2016,Violations were cited in the following area(s).,10F,"Non-food contact surface improperly constructed. Unacceptable material used. Non-food contact surface or equipment improperly maintained and/or not properly sealed, raised, spaced or movable to allow accessibility for cleaning on all sides, above and underneath the unit.",Not Critical,7,A,09/29/2016,08/28/2017,Cycle Inspection / Initial Inspection
40387237,LIVE BAIT BAR & RESTAURANT,MANHATTAN,14,EAST   23 STREET,10010,2123532400,Seafood,6/10/2017,Violations were cited in the following area(s).,06D,"Food contact surface not properly washed, rinsed and sanitized after each use and following any activity when contamination may have occurred.",Critical,17,,,08/28/2017,Inter-Agency Task Force / Initial Inspection
50005056,L'UNIQUE BAR & RESTAURANT,BROOKLYN,1773,NOSTRAND AVE,11226,3474258686,Caribbean,09/27/2014,Violations were cited in the following area(s).,04N,"Filth flies or food/refuse/sewage-associated (FRSA) flies present in facilitys food and/or non-food areas. Filth flies include house flies, little house flies, blow flies, bottle flies and flesh flies. Food/refuse/sewage-associated flies include fruit flies, drain flies and Phorid flies.",Critical,39,,,08/28/2017,Cycle Inspection / Initial Inspection
41362413,AERONUOVA,QUEENS,0,JFK INTERNATIONAL AIRPORT,11430,7186566210,American,12/15/2015,Violations were cited in the following area(s).,10F,"Non-food contact surface improperly constructed. Unacceptable material used. Non-food contact surface or equipment improperly maintained and/or not properly sealed, raised, spaced or movable to allow accessibility for cleaning on all sides, above and underneath the unit.",Not Critical,12,A,12/15/2015,08/28/2017,Cycle Inspection / Initial Inspection
41578982,VODOU BAR,BROOKLYN,95,HALSEY STREET,11216,3474057011,American,07/24/2014,Violations were cited in the following area(s).,06A,Personal cleanliness inadequate. Outer garment soiled with possible contaminant.  Effective hair restraint not worn in an area where food is prepared.,Critical,34,,,08/28/2017,Cycle Inspection / Initial Inspection
41502571,CHIFA RESTAURANT,QUEENS,7320,NORTHERN BOULEVARD,11372,7188980108,Peruvian,02/27/2017,Violations were cited in the following area(s).,04M,Live roaches present in facility's food and/or non-food areas.,Critical,14,B,02/27/2017,08/28/2017,Cycle Inspection / Re-inspection
50043899,FRESH SOFT TORTILLA,QUEENS,3115,DITMARS BLVD,11105,6465259664,Tex-Mex,7/1/2016,Violations were cited in the following area(s).,10F,"Non-food contact surface improperly constructed. Unacceptable material used. Non-food contact surface or equipment improperly maintained and/or not properly sealed, raised, spaced or movable to allow accessibility for cleaning on all sides, above and underneath the unit.",Not Critical,9,A,7/1/2016,08/28/2017,Cycle Inspection / Initial Inspection
41258881,NYSB,QUEENS,0,JFK INTERNATIONAL AIRPORT,11430,6312363880,American,09/30/2015,Violations were cited in the following area(s).,10F,"Non-food contact surface improperly constructed. Unacceptable material used. Non-food contact surface or equipment improperly maintained and/or not properly sealed, raised, spaced or movable to allow accessibility for cleaning on all sides, above and underneath the unit.",Not Critical,11,A,09/30/2015,08/28/2017,Cycle Inspection / Initial Inspection
40805500,DOMINO'S,BROOKLYN,554,5 AVENUE,11215,7189723733,Pizza,11/19/2016,Violations were cited in the following area(s).,15L,"Smoke free workplace smoking policy inadequate, not posted, not provided to employees.",Not Critical,,,,08/28/2017,Smoke-Free Air Act / Initial Inspection
40722858,KERRY HILLS PUB,QUEENS,11510,ROCKAWAY BEACH BOULEVARD,11694,7183181964,"Bottled beverages, including water, sodas, juices, etc.",8/11/2016,Violations were cited in the following area(s).,08A,Facility not vermin proof. Harborage or conditions conducive to attracting vermin to the premises and/or allowing vermin to exist.,Not Critical,12,A,8/11/2016,08/28/2017,Cycle Inspection / Initial Inspection
41708729,ENERGY FUEL CAFE,BROOKLYN,606,5 AVENUE,11215,7184996999,American,10/19/2016,Violations were cited in the following area(s).,02B,Hot food item not held at or above 140Âº F.,Critical,26,B,10/19/2016,08/28/2017,Cycle Inspection / Re-inspection
41640311,SHERIDAN MARKET,BRONX,191,EAST  161 STREET,10451,3479188111,American,3/9/2017,Violations were cited in the following area(s).,10B,Plumbing not properly installed or maintained; anti-siphonage or backflow prevention device not provided where required; equipment or floor not properly drained; sewage disposal system in disrepair or not functioning properly.,Not Critical,17,,,08/28/2017,Cycle Inspection / Initial Inspection
41458340,MR TONG,BROOKLYN,2926,FORT HAMILTON PARKWAY,11218,7188516324,Chinese,9/11/2014,Violations were cited in the following area(s).,02G,Cold food item held above 41Âº F (smoked fish and reduced oxygen packaged foods above 38 ÂºF) except during necessary preparation.,Critical,10,A,9/11/2014,08/28/2017,Cycle Inspection / Initial Inspection
41108575,SOHO BISTRO,QUEENS,0,JFK INTERNATIONAL AIRPORT,11430,7186561012,American,02/18/2016,Violations were cited in the following area(s).,10H,Proper sanitization not provided for utensil ware washing operation.,Not Critical,15,,,08/28/2017,Cycle Inspection / Initial Inspection
40990299,ELEGANT CHINESE RESTAURANT,QUEENS,21206,HILLSIDE AVENUE,11427,7187768270,Chinese,05/20/2015,Violations were cited in the following area(s).,09B,Thawing procedures improper.,Not Critical,9,A,05/20/2015,08/28/2017,Cycle Inspection / Initial Inspection
41011050,EAST 86 CINEMAS,MANHATTAN,210,EAST   86 STREET,10028,2127344169,American,9/8/2015,Violations were cited in the following area(s).,02B,Hot food item not held at or above 140Âº F.,Critical,7,A,9/8/2015,08/28/2017,Cycle Inspection / Initial Inspection
41575411,GOLDEN KRUST CARIBBEAN BAKERY & GRILL,BROOKLYN,568,FLATBUSH AVENUE,11225,7182821437,Caribbean,9/9/2016,Establishment re-opened by DOHMH,04M,Live roaches present in facility's food and/or non-food areas.,Critical,11,P,9/9/2016,08/28/2017,Cycle Inspection / Reopening Inspection
41298438,CAFFE E VINO,BROOKLYN,112,DEKALB AVENUE,11201,7188556222,Italian,8/9/2016,Violations were cited in the following area(s).,08A,Facility not vermin proof. Harborage or conditions conducive to attracting vermin to the premises and/or allowing vermin to exist.,Not Critical,15,,,08/28/2017,Cycle Inspection / Initial Inspection
50044665,VB BAKERY,QUEENS,3558,97TH ST,11368,7188990058,Bakery,5/4/2017,Violations were cited in the following area(s).,10F,"Non-food contact surface improperly constructed. Unacceptable material used. Non-food contact surface or equipment improperly maintained and/or not properly sealed, raised, spaced or movable to allow accessibility for cleaning on all sides, above and underneath the unit.",Not Critical,9,A,5/4/2017,08/28/2017,Cycle Inspection / Re-inspection
40366379,BLARNEY ROCK,MANHATTAN,137,WEST   33 STREET,10001,2129470825,Irish,8/3/2015,Violations were cited in the following area(s).,10H,Proper sanitization not provided for utensil ware washing operation.,Not Critical,28,,,08/28/2017,Cycle Inspection / Initial Inspection
40859658,KIMCHEE KOREAN RESTAURANT,BROOKLYN,9324,3 AVENUE,11209,7185675741,Korean,01/14/2016,Violations were cited in the following area(s).,04M,Live roaches present in facility's food and/or non-food areas.,Critical,11,A,01/14/2016,08/28/2017,Cycle Inspection / Initial Inspection
50005592,J R SUSHI,MANHATTAN,86A,W BROADWAY,10007,9178688688,Japanese,04/21/2017,Violations were cited in the following area(s).,06F,Wiping cloths soiled or not stored in sanitizing solution.,Critical,12,A,04/21/2017,08/28/2017,Cycle Inspection / Initial Inspection
40365904,MEE SUM CAFE,MANHATTAN,26,PELL STREET,10013,2123495260,CafÃ©/Coffee/Tea,06/18/2015,Violations were cited in the following area(s).,02G,Cold food item held above 41Âº F (smoked fish and reduced oxygen packaged foods above 38 ÂºF) except during necessary preparation.,Critical,24,,,08/28/2017,Cycle Inspection / Initial Inspection
41668300,GIRELLO,MANHATTAN,16,NORTH MOORE STREET,10013,2129410109,Italian,3/4/2015,Violations were cited in the following area(s).,04M,Live roaches present in facility's food and/or non-food areas.,Critical,12,A,3/4/2015,08/28/2017,Cycle Inspection / Initial Inspection
40385680,EASTWOOD MANOR,BRONX,3371,EASTCHESTER ROAD,10469,7186544200,American,5/5/2015,Violations were cited in the following area(s).,02G,Cold food item held above 41Âº F (smoked fish and reduced oxygen packaged foods above 38 ÂºF) except during necessary preparation.,Critical,23,,,08/28/2017,Cycle Inspection / Initial Inspection
50009665,POCKET BAR NYC,MANHATTAN,455,W 48TH ST,10036,6466829062,American,07/26/2017,Violations were cited in the following area(s).,10B,Plumbing not properly installed or maintained; anti-siphonage or backflow prevention device not provided where required; equipment or floor not properly drained; sewage disposal system in disrepair or not functioning properly.,Not Critical,18,,,08/28/2017,Cycle Inspection / Initial Inspection
50017311,OFF TO START CAFE,BROOKLYN,535,6TH AVE,11215,3477213700,CafÃ©/Coffee/Tea,08/17/2016,Violations were cited in the following area(s).,04A,Food Protection Certificate not held by supervisor of food operations.,Critical,12,A,08/17/2016,08/28/2017,Cycle Inspection / Initial Inspection
41008388,LANDMARC,MANHATTAN,179,WEST BROADWAY,10013,2123433883,French,05/13/2013,Violations were cited in the following area(s).,06C,"Food not protected from potential source of contamination during storage, preparation, transportation, display or service.",Critical,13,A,05/13/2013,08/28/2017,Cycle Inspection / Initial Inspection
50002403,LA BELLEZZA PIZZERIA,MANHATTAN,315,BROADWAY,10007,2122273337,Pizza,11/3/2016,Establishment Closed by DOHMH.  Violations were cited in the following area(s) and those requiring immediate action were addressed.,06E,"Sanitized equipment or utensil, including in-use food dispensing utensil, improperly used or stored.",Critical,71,,,08/28/2017,Cycle Inspection / Initial Inspection
41316105,MAGNA BAR & RESTAURANT,QUEENS,3525,FARRINGTON STREET,11354,7184453352,Italian,12/29/2014,Violations were cited in the following area(s).,10F,"Non-food contact surface improperly constructed. Unacceptable material used. Non-food contact surface or equipment improperly maintained and/or not properly sealed, raised, spaced or movable to allow accessibility for cleaning on all sides, above and underneath the unit.",Not Critical,9,A,12/29/2014,08/28/2017,Cycle Inspection / Re-inspection
50009118,BEAUTIQUE,MANHATTAN,8,W 58TH ST,10019,2127531200,American,07/19/2017,Violations were cited in the following area(s).,04N,"Filth flies or food/refuse/sewage-associated (FRSA) flies present in facilitys food and/or non-food areas. Filth flies include house flies, little house flies, blow flies, bottle flies and flesh flies. Food/refuse/sewage-associated flies include fruit flies, drain flies and Phorid flies.",Critical,30,,,08/28/2017,Cycle Inspection / Initial Inspection
41457638,FINEST DUMPLING RESTAURANT,MANHATTAN,25 B,HENRY STREET,10002,2126088962,Chinese,03/16/2015,Violations were cited in the following area(s).,08A,Facility not vermin proof. Harborage or conditions conducive to attracting vermin to the premises and/or allowing vermin to exist.,Not Critical,17,,,08/28/2017,Cycle Inspection / Initial Inspection
